{
    "1": {
        "process": {
            "name": "A",
            "arrival_time": 0,
            "execution_time": 4,
            "deadline": 5,
            "pages": 10,
            "already_exec": 2
        },
        "quantum": 2,
        "overhead": 0,
        "next_processess": [
            "A"
        ],
        "done_in_this_cicle": false,
        "time": 2,
        "started_time": 0,
        "real_virtual_map": {
            "A": {
                "real": [
                    0,
                    1,
                    2,
                    3,
                    4,
                    5,
                    6,
                    7,
                    8,
                    9
                ],
                "virtual": [
                    0,
                    1,
                    2,
                    3,
                    4,
                    5,
                    6,
                    7,
                    8,
                    9
                ]
            }
        },
        "memory_counter": {
            "A": 1
        }
    },
    "2": {
        "process": {
            "name": "A",
            "arrival_time": 0,
            "execution_time": 4,
            "deadline": 3,
            "pages": 10,
            "already_exec": 4
        },
        "quantum": 2,
        "overhead": 0,
        "next_processess": [
            "B"
        ],
        "done_in_this_cicle": true,
        "time": 4,
        "started_time": 2,
        "real_virtual_map": {
            "A": {
                "real": [
                    0,
                    1,
                    2,
                    3,
                    4,
                    5,
                    6,
                    7,
                    8,
                    9
                ],
                "virtual": [
                    0,
                    1,
                    2,
                    3,
                    4,
                    5,
                    6,
                    7,
                    8,
                    9
                ]
            }
        },
        "memory_counter": {
            "A": 0
        }
    },
    "3": {
        "process": {
            "name": "B",
            "arrival_time": 2,
            "execution_time": 2,
            "deadline": 3,
            "pages": 10,
            "already_exec": 2
        },
        "quantum": 2,
        "overhead": 0,
        "next_processess": [
            "C"
        ],
        "done_in_this_cicle": true,
        "time": 6,
        "started_time": 4,
        "real_virtual_map": {
            "A": {
                "real": null,
                "virtual": null,
                "uses": 0
            },
            "B": {
                "real": [
                    0,
                    1,
                    2,
                    3,
                    4,
                    5,
                    6,
                    7,
                    8,
                    9
                ],
                "virtual": [
                    0,
                    1,
                    2,
                    3,
                    4,
                    5,
                    6,
                    7,
                    8,
                    9
                ]
            }
        },
        "memory_counter": {
            "A": 0,
            "B": 0
        }
    },
    "4": {
        "process": {
            "name": "C",
            "arrival_time": 4,
            "execution_time": 1,
            "deadline": 7,
            "pages": 10,
            "already_exec": 1
        },
        "quantum": 1,
        "overhead": 0,
        "next_processess": [
            "D"
        ],
        "done_in_this_cicle": true,
        "time": 7,
        "started_time": 6,
        "real_virtual_map": {
            "A": {
                "real": null,
                "virtual": null,
                "uses": 0
            },
            "B": {
                "real": null,
                "virtual": null,
                "uses": 0
            },
            "C": {
                "real": [
                    0,
                    1,
                    2,
                    3,
                    4,
                    5,
                    6,
                    7,
                    8,
                    9
                ],
                "virtual": [
                    0,
                    1,
                    2,
                    3,
                    4,
                    5,
                    6,
                    7,
                    8,
                    9
                ]
            }
        },
        "memory_counter": {
            "A": 0,
            "B": 0,
            "C": 0
        }
    },
    "5": {
        "process": {
            "name": "D",
            "arrival_time": 6,
            "execution_time": 3,
            "deadline": 8,
            "pages": 10,
            "already_exec": 2
        },
        "quantum": 2,
        "overhead": 0,
        "next_processess": [
            "D"
        ],
        "done_in_this_cicle": false,
        "time": 9,
        "started_time": 7,
        "real_virtual_map": {
            "A": {
                "real": null,
                "virtual": null,
                "uses": 0
            },
            "B": {
                "real": null,
                "virtual": null,
                "uses": 0
            },
            "C": {
                "real": null,
                "virtual": null,
                "uses": 0
            },
            "D": {
                "real": [
                    0,
                    1,
                    2,
                    3,
                    4,
                    5,
                    6,
                    7,
                    8,
                    9
                ],
                "virtual": [
                    0,
                    1,
                    2,
                    3,
                    4,
                    5,
                    6,
                    7,
                    8,
                    9
                ]
            }
        },
        "memory_counter": {
            "A": 0,
            "B": 0,
            "C": 0,
            "D": 1
        }
    },
    "6": {
        "process": {
            "name": "D",
            "arrival_time": 6,
            "execution_time": 3,
            "deadline": 7,
            "pages": 10,
            "already_exec": 3
        },
        "quantum": 1,
        "overhead": 0,
        "next_processess": [],
        "done_in_this_cicle": true,
        "time": 10,
        "started_time": 9,
        "real_virtual_map": {
            "A": {
                "real": null,
                "virtual": null,
                "uses": 0
            },
            "B": {
                "real": null,
                "virtual": null,
                "uses": 0
            },
            "C": {
                "real": null,
                "virtual": null,
                "uses": 0
            },
            "D": {
                "real": [
                    0,
                    1,
                    2,
                    3,
                    4,
                    5,
                    6,
                    7,
                    8,
                    9
                ],
                "virtual": [
                    0,
                    1,
                    2,
                    3,
                    4,
                    5,
                    6,
                    7,
                    8,
                    9
                ]
            }
        },
        "memory_counter": {
            "A": 0,
            "B": 0,
            "C": 0,
            "D": 0
        }
    }
}